Test_Code,Test_Description,Spearman_rho,Spearman_pvalue
0_0,Plain,-0.9174698042719671,6.919040788741452e-05
1_1,Chain-of-thought (silent),-0.28181818181818186,0.40114489796047836
2_2,Chain-of-thought (revealed),-0.9107766105652605,9.730666588295745e-05
3_3,Counterfactual,-0.6879288918430899,0.01929108555090816
4_4,Chain-of-thought (self-exp.),-0.7586708082883098,0.006791194966903272
5_5,Few-shots,-0.9840572227689233,4.666690957849578e-08
6_6,Money,0.13334214206279385,0.6959060149330825
