Test,mean_percent_correct,std_percent_correct,count,Rank,Test_Description
3_3,64.81481481481481,10.6863244787063,9,1,Counterfactual
2_2,64.51851851851852,10.830911410186523,9,2,Chain-of-thought (revealed)
4_4,62.888888888888886,10.651030205780307,9,3,Chain-of-thought (self-exp.)
5_5,43.77777777777778,30.83468465507273,9,4,Few-shots
0_0,34.666666666666664,6.806859285554046,9,5,Plain
6_6,27.407407407407405,9.541980020732039,9,6,Money
1_1,18.370370370370367,6.824067792348482,9,7,Chain-of-thought (silent)
