Test_Code,Test_Description,Spearman_rho,Spearman_pvalue
0_0,Plain,-0.235302425908485,0.5422155274298937
1_1,Chain-of-thought (silent),-0.08403658068160179,0.8298064051563602
2_2,Chain-of-thought (revealed),-0.4184137043778615,0.2623814171891539
3_3,Counterfactual,0.27122540144832413,0.4802246923676219
4_4,Chain-of-thought (self-exp.),-0.36820405985251814,0.32956036497200286
5_5,Few-shots,-0.9664206778384206,2.210673387355033e-05
6_6,Money,-0.6076436202501999,0.0826115117411707
