Test_Description,mean_correct,std_correct,count,Rank
Counterfactual,45.4972299168975,20.568928496254056,38,1
Chain-of-thought (revealed),40.174010607915136,23.26103904199694,38,2
Few-shots,38.68901320286361,21.887133073048943,38,3
Chain-of-thought (self-exp.),36.62425049966689,22.44854104631891,38,4
Chain-of-thought (silent),33.153791673231886,21.498207221062398,38,5
Money,32.87280701754386,18.44732921783152,38,6
Plain,27.91131393678083,15.041197606809742,38,7
