Test,mean_percent_correct,std_percent_correct,count,Rank,Test_Description
1_1,65.0,18.200274723201293,9,1,Chain-of-thought (silent)
3_3,55.0,15.20690632574555,9,2,Counterfactual
2_2,54.44444444444444,12.856040517117927,9,3,Chain-of-thought (revealed)
6_6,49.44444444444444,13.962996733430034,9,4,Money
4_4,40.0,17.320508075688775,9,5,Chain-of-thought (self-exp.)
5_5,39.44444444444444,22.142217092644035,9,6,Few-shots
0_0,39.35897435897436,15.217846110297158,9,7,Plain
