Test_Code,Test_Description,Spearman_rho,Spearman_pvalue
0_0,Plain,-0.6470816712483338,0.05959221388500851
1_1,Chain-of-thought (silent),-0.6722926454528143,0.047274938290474536
2_2,Chain-of-thought (revealed),0.1176512129542425,0.7630703618815533
3_3,Counterfactual,-0.563045090566732,0.11445589798666722
4_4,Chain-of-thought (self-exp.),-0.6214172674538865,0.07403733386873698
5_5,Few-shots,-0.8151548326115373,0.007423781373494626
6_6,Money,-0.5933055656682091,0.09216195255177587
