Test,mean_percent_correct,std_percent_correct,count,Rank,Test_Description
5_5,38.3391812865497,13.420341685102736,9,1,Few-shots
2_2,30.444444444444443,10.477489097001142,9,2,Chain-of-thought (revealed)
4_4,26.22222222222222,15.08126136781816,9,3,Chain-of-thought (self-exp.)
1_1,20.22222222222222,8.913161304747291,9,4,Chain-of-thought (silent)
3_3,15.555555555555555,5.174724898753341,9,5,Counterfactual
6_6,9.25925925925926,9.82878111830785,9,6,Money
0_0,7.5999635999635995,3.811379735875204,9,7,Plain
