Test_Code,Test_Description,Spearman_rho,Spearman_pvalue
0_0,Plain,-0.46220119374880986,0.2103420424900607
1_1,Chain-of-thought (silent),-0.10084389681792215,0.7962955385080446
2_2,Chain-of-thought (revealed),-0.728039845617479,0.026153620753162257
3_3,Counterfactual,-0.32347748168832446,0.39580746661612237
4_4,Chain-of-thought (self-exp.),-0.8403658068160178,0.004561188635048483
5_5,Few-shots,-0.7731365422707365,0.014548888366961782
6_6,Money,-0.47216075632830157,0.19937910274040094
